{
  "dataset_revision": "3bb1a05c66872889662af04c5691c14489cebd72",
  "evaluation_time": 68.80457139015198,
  "kg_co2_emissions": null,
  "mteb_version": "1.14.4",
  "scores": {
    "test": [
      {
        "hf_subset": "default",
        "languages": [
          "eng-Latn"
        ],
        "main_score": 0.71569,
        "map_at_1": 0.52077,
        "map_at_10": 0.65342,
        "map_at_100": 0.66499,
        "map_at_1000": 0.6652,
        "map_at_20": 0.66092,
        "map_at_3": 0.61046,
        "map_at_5": 0.63309,
        "mrr_at_1": 0.602112676056338,
        "mrr_at_10": 0.7018052761010508,
        "mrr_at_100": 0.7059359623590737,
        "mrr_at_1000": 0.7059938639663019,
        "mrr_at_20": 0.704521416974814,
        "mrr_at_3": 0.6789906103286386,
        "mrr_at_5": 0.6932511737089204,
        "nauc_map_at_1000_diff1": 0.7363830689447181,
        "nauc_map_at_1000_max": 0.5592961870456611,
        "nauc_map_at_1000_std": 0.10815925781025398,
        "nauc_map_at_100_diff1": 0.7363003763534561,
        "nauc_map_at_100_max": 0.5592028931093828,
        "nauc_map_at_100_std": 0.10827728959394416,
        "nauc_map_at_10_diff1": 0.7313499275583637,
        "nauc_map_at_10_max": 0.551166040366698,
        "nauc_map_at_10_std": 0.09527463485706673,
        "nauc_map_at_1_diff1": 0.7576721422797005,
        "nauc_map_at_1_max": 0.517046581552527,
        "nauc_map_at_1_std": 0.08378822090475747,
        "nauc_map_at_20_diff1": 0.7361415524253178,
        "nauc_map_at_20_max": 0.557477424835335,
        "nauc_map_at_20_std": 0.10376578173194426,
        "nauc_map_at_3_diff1": 0.7444707525510942,
        "nauc_map_at_3_max": 0.5168445357086083,
        "nauc_map_at_3_std": 0.06352622066083297,
        "nauc_map_at_5_diff1": 0.7356517365404609,
        "nauc_map_at_5_max": 0.5279598118202381,
        "nauc_map_at_5_std": 0.07400289740255336,
        "nauc_mrr_at_1000_diff1": 0.7342696772721662,
        "nauc_mrr_at_1000_max": 0.5787984063978311,
        "nauc_mrr_at_1000_std": 0.1381185023877628,
        "nauc_mrr_at_100_diff1": 0.7341944456401175,
        "nauc_mrr_at_100_max": 0.5787958712311423,
        "nauc_mrr_at_100_std": 0.13824814276969916,
        "nauc_mrr_at_10_diff1": 0.7315614300311829,
        "nauc_mrr_at_10_max": 0.5785957078108488,
        "nauc_mrr_at_10_std": 0.1384225491730019,
        "nauc_mrr_at_1_diff1": 0.7716323168569331,
        "nauc_mrr_at_1_max": 0.5757585902634335,
        "nauc_mrr_at_1_std": 0.12300793614057347,
        "nauc_mrr_at_20_diff1": 0.7334882225172985,
        "nauc_mrr_at_20_max": 0.5797299028129754,
        "nauc_mrr_at_20_std": 0.13910189266082068,
        "nauc_mrr_at_3_diff1": 0.7360390400563644,
        "nauc_mrr_at_3_max": 0.5763361068750223,
        "nauc_mrr_at_3_std": 0.12470543180619294,
        "nauc_mrr_at_5_diff1": 0.7324630784994974,
        "nauc_mrr_at_5_max": 0.5729526251884615,
        "nauc_mrr_at_5_std": 0.13446654515790615,
        "nauc_ndcg_at_1000_diff1": 0.7299704015626118,
        "nauc_ndcg_at_1000_max": 0.575152273866974,
        "nauc_ndcg_at_1000_std": 0.13661738558177763,
        "nauc_ndcg_at_100_diff1": 0.7282177013693625,
        "nauc_ndcg_at_100_max": 0.5743655263975435,
        "nauc_ndcg_at_100_std": 0.14084934938768182,
        "nauc_ndcg_at_10_diff1": 0.7144292815103808,
        "nauc_ndcg_at_10_max": 0.5640342266473494,
        "nauc_ndcg_at_10_std": 0.11776607157172064,
        "nauc_ndcg_at_1_diff1": 0.7716323168569331,
        "nauc_ndcg_at_1_max": 0.5757585902634335,
        "nauc_ndcg_at_1_std": 0.12300793614057347,
        "nauc_ndcg_at_20_diff1": 0.7246797550173703,
        "nauc_ndcg_at_20_max": 0.5751605736685952,
        "nauc_ndcg_at_20_std": 0.13388284491299077,
        "nauc_ndcg_at_3_diff1": 0.7345237535142347,
        "nauc_ndcg_at_3_max": 0.537523497754549,
        "nauc_ndcg_at_3_std": 0.07788565963925476,
        "nauc_ndcg_at_5_diff1": 0.7217806587158669,
        "nauc_ndcg_at_5_max": 0.5351064236527215,
        "nauc_ndcg_at_5_std": 0.08637760009423263,
        "nauc_precision_at_1000_diff1": -0.2693031002378937,
        "nauc_precision_at_1000_max": 0.016695627723138484,
        "nauc_precision_at_1000_std": 0.21090930701500052,
        "nauc_precision_at_100_diff1": -0.25363310565398717,
        "nauc_precision_at_100_max": 0.03481164119591515,
        "nauc_precision_at_100_std": 0.22862469239811645,
        "nauc_precision_at_10_diff1": -0.08169457323626828,
        "nauc_precision_at_10_max": 0.2057606686265157,
        "nauc_precision_at_10_std": 0.22138943775285236,
        "nauc_precision_at_1_diff1": 0.7716323168569331,
        "nauc_precision_at_1_max": 0.5757585902634335,
        "nauc_precision_at_1_std": 0.12300793614057347,
        "nauc_precision_at_20_diff1": -0.14811682884916924,
        "nauc_precision_at_20_max": 0.1333628085101882,
        "nauc_precision_at_20_std": 0.2312384097205862,
        "nauc_precision_at_3_diff1": 0.37265955855824157,
        "nauc_precision_at_3_max": 0.398010699571909,
        "nauc_precision_at_3_std": 0.11488453507628324,
        "nauc_precision_at_5_diff1": 0.1250214212897963,
        "nauc_precision_at_5_max": 0.2898478229731406,
        "nauc_precision_at_5_std": 0.16928734517476862,
        "nauc_recall_at_1000_diff1": NaN,
        "nauc_recall_at_1000_max": NaN,
        "nauc_recall_at_1000_std": NaN,
        "nauc_recall_at_100_diff1": 0.5315785818009279,
        "nauc_recall_at_100_max": 0.506956769405182,
        "nauc_recall_at_100_std": 0.5165598743829521,
        "nauc_recall_at_10_diff1": 0.5898818546075463,
        "nauc_recall_at_10_max": 0.5279636606573856,
        "nauc_recall_at_10_std": 0.11707536033976416,
        "nauc_recall_at_1_diff1": 0.7576721422797005,
        "nauc_recall_at_1_max": 0.517046581552527,
        "nauc_recall_at_1_std": 0.08378822090475747,
        "nauc_recall_at_20_diff1": 0.6120679923834746,
        "nauc_recall_at_20_max": 0.5851918385920976,
        "nauc_recall_at_20_std": 0.20801878580719926,
        "nauc_recall_at_3_diff1": 0.6783717834232584,
        "nauc_recall_at_3_max": 0.44574297833917825,
        "nauc_recall_at_3_std": 0.005357901451036647,
        "nauc_recall_at_5_diff1": 0.6275446223730313,
        "nauc_recall_at_5_max": 0.4243826300319667,
        "nauc_recall_at_5_std": 0.011594930367584569,
        "ndcg_at_1": 0.60211,
        "ndcg_at_10": 0.71569,
        "ndcg_at_100": 0.75124,
        "ndcg_at_1000": 0.75389,
        "ndcg_at_20": 0.73305,
        "ndcg_at_3": 0.65833,
        "ndcg_at_5": 0.68522,
        "precision_at_1": 0.60211,
        "precision_at_10": 0.12007,
        "precision_at_100": 0.01511,
        "precision_at_1000": 0.00155,
        "precision_at_20": 0.06673,
        "precision_at_3": 0.28638,
        "precision_at_5": 0.2007,
        "recall_at_1": 0.52077,
        "recall_at_10": 0.84611,
        "recall_at_100": 0.98332,
        "recall_at_1000": 1.0,
        "recall_at_20": 0.90141,
        "recall_at_3": 0.69711,
        "recall_at_5": 0.76451
      }
    ]
  },
  "task_name": "LegalSummarization"
}