{
  "dataset_revision": "f69691c650464e62546d7f2a4536f8f87c891e38",
  "evaluation_time": 71.75381994247437,
  "kg_co2_emissions": null,
  "mteb_version": "1.14.4",
  "scores": {
    "test": [
      {
        "hf_subset": "default",
        "languages": [
          "eng-Latn"
        ],
        "main_score": 0.95089,
        "map_at_1": 0.88824,
        "map_at_10": 0.93606,
        "map_at_100": 0.93611,
        "map_at_1000": 0.93613,
        "map_at_20": 0.93606,
        "map_at_3": 0.93382,
        "map_at_5": 0.93515,
        "mrr_at_1": 0.888235294117647,
        "mrr_at_10": 0.9360574229691876,
        "mrr_at_100": 0.9361118892001244,
        "mrr_at_1000": 0.9361301573769605,
        "mrr_at_20": 0.9360574229691876,
        "mrr_at_3": 0.9338235294117647,
        "mrr_at_5": 0.9351470588235293,
        "nauc_map_at_1000_diff1": 0.8990520582404845,
        "nauc_map_at_1000_max": 0.44267293765807264,
        "nauc_map_at_1000_std": -0.22731526875419342,
        "nauc_map_at_100_diff1": 0.8990434418079332,
        "nauc_map_at_100_max": 0.442834241243004,
        "nauc_map_at_100_std": -0.22696005479444414,
        "nauc_map_at_10_diff1": 0.8988909923832279,
        "nauc_map_at_10_max": 0.4423047246028436,
        "nauc_map_at_10_std": -0.22826451574106582,
        "nauc_map_at_1_diff1": 0.9011659773780458,
        "nauc_map_at_1_max": 0.39810154965369393,
        "nauc_map_at_1_std": -0.21053615028152897,
        "nauc_map_at_20_diff1": 0.8988909923832279,
        "nauc_map_at_20_max": 0.4423047246028436,
        "nauc_map_at_20_std": -0.22826451574106582,
        "nauc_map_at_3_diff1": 0.8987194289912881,
        "nauc_map_at_3_max": 0.45927014450159387,
        "nauc_map_at_3_std": -0.23586298589972118,
        "nauc_map_at_5_diff1": 0.8993274210378582,
        "nauc_map_at_5_max": 0.44810243026912594,
        "nauc_map_at_5_std": -0.23359602266355783,
        "nauc_mrr_at_1000_diff1": 0.8990520582404845,
        "nauc_mrr_at_1000_max": 0.44267293765807264,
        "nauc_mrr_at_1000_std": -0.22731526875419342,
        "nauc_mrr_at_100_diff1": 0.8990434418079332,
        "nauc_mrr_at_100_max": 0.442834241243004,
        "nauc_mrr_at_100_std": -0.22696005479444414,
        "nauc_mrr_at_10_diff1": 0.8988909923832279,
        "nauc_mrr_at_10_max": 0.4423047246028436,
        "nauc_mrr_at_10_std": -0.22826451574106582,
        "nauc_mrr_at_1_diff1": 0.9011659773780458,
        "nauc_mrr_at_1_max": 0.39810154965369393,
        "nauc_mrr_at_1_std": -0.21053615028152897,
        "nauc_mrr_at_20_diff1": 0.8988909923832279,
        "nauc_mrr_at_20_max": 0.4423047246028436,
        "nauc_mrr_at_20_std": -0.22826451574106582,
        "nauc_mrr_at_3_diff1": 0.8987194289912881,
        "nauc_mrr_at_3_max": 0.45927014450159387,
        "nauc_mrr_at_3_std": -0.23586298589972118,
        "nauc_mrr_at_5_diff1": 0.8993274210378582,
        "nauc_mrr_at_5_max": 0.44810243026912594,
        "nauc_mrr_at_5_std": -0.23359602266355783,
        "nauc_ndcg_at_1000_diff1": 0.8979292085459062,
        "nauc_ndcg_at_1000_max": 0.4470020695521645,
        "nauc_ndcg_at_1000_std": -0.2279541004960396,
        "nauc_ndcg_at_100_diff1": 0.897690194797197,
        "nauc_ndcg_at_100_max": 0.4516157723342737,
        "nauc_ndcg_at_100_std": -0.21770918828602265,
        "nauc_ndcg_at_10_diff1": 0.895851095210557,
        "nauc_ndcg_at_10_max": 0.4450865530113532,
        "nauc_ndcg_at_10_std": -0.23366409831484022,
        "nauc_ndcg_at_1_diff1": 0.9011659773780458,
        "nauc_ndcg_at_1_max": 0.39810154965369393,
        "nauc_ndcg_at_1_std": -0.21053615028152897,
        "nauc_ndcg_at_20_diff1": 0.895851095210557,
        "nauc_ndcg_at_20_max": 0.4450865530113532,
        "nauc_ndcg_at_20_std": -0.23366409831484022,
        "nauc_ndcg_at_3_diff1": 0.8960471003041587,
        "nauc_ndcg_at_3_max": 0.4860273902664145,
        "nauc_ndcg_at_3_std": -0.2513584807741522,
        "nauc_ndcg_at_5_diff1": 0.8973198644493936,
        "nauc_ndcg_at_5_max": 0.46158725815737783,
        "nauc_ndcg_at_5_std": -0.2463396963062005,
        "nauc_precision_at_1000_diff1": 1.0,
        "nauc_precision_at_1000_max": 1.0,
        "nauc_precision_at_1000_std": 1.0,
        "nauc_precision_at_100_diff1": 0.8692810457516458,
        "nauc_precision_at_100_max": 1.0,
        "nauc_precision_at_100_std": 1.0,
        "nauc_precision_at_10_diff1": 0.795751633986929,
        "nauc_precision_at_10_max": 0.4143323996265154,
        "nauc_precision_at_10_std": -0.3699813258636605,
        "nauc_precision_at_1_diff1": 0.9011659773780458,
        "nauc_precision_at_1_max": 0.39810154965369393,
        "nauc_precision_at_1_std": -0.21053615028152897,
        "nauc_precision_at_20_diff1": 0.795751633986929,
        "nauc_precision_at_20_max": 0.4143323996265154,
        "nauc_precision_at_20_std": -0.3699813258636605,
        "nauc_precision_at_3_diff1": 0.8665577342047973,
        "nauc_precision_at_3_max": 0.758481170245872,
        "nauc_precision_at_3_std": -0.415421724245257,
        "nauc_precision_at_5_diff1": 0.8651960784313704,
        "nauc_precision_at_5_max": 0.6377217553688164,
        "nauc_precision_at_5_std": -0.43942577030811575,
        "nauc_recall_at_1000_diff1": NaN,
        "nauc_recall_at_1000_max": NaN,
        "nauc_recall_at_1000_std": NaN,
        "nauc_recall_at_100_diff1": 0.8692810457516374,
        "nauc_recall_at_100_max": 1.0,
        "nauc_recall_at_100_std": 1.0,
        "nauc_recall_at_10_diff1": 0.7957516339869068,
        "nauc_recall_at_10_max": 0.4143323996265154,
        "nauc_recall_at_10_std": -0.36998132586367716,
        "nauc_recall_at_1_diff1": 0.9011659773780458,
        "nauc_recall_at_1_max": 0.39810154965369393,
        "nauc_recall_at_1_std": -0.21053615028152897,
        "nauc_recall_at_20_diff1": 0.7957516339869068,
        "nauc_recall_at_20_max": 0.4143323996265154,
        "nauc_recall_at_20_std": -0.36998132586367716,
        "nauc_recall_at_3_diff1": 0.8665577342047946,
        "nauc_recall_at_3_max": 0.7584811702458775,
        "nauc_recall_at_3_std": -0.4154217242452502,
        "nauc_recall_at_5_diff1": 0.8651960784313717,
        "nauc_recall_at_5_max": 0.6377217553688096,
        "nauc_recall_at_5_std": -0.4394257703081373,
        "ndcg_at_1": 0.88824,
        "ndcg_at_10": 0.95089,
        "ndcg_at_100": 0.9514,
        "ndcg_at_1000": 0.9518,
        "ndcg_at_20": 0.95089,
        "ndcg_at_3": 0.94646,
        "ndcg_at_5": 0.94887,
        "precision_at_1": 0.88824,
        "precision_at_10": 0.09941,
        "precision_at_100": 0.00997,
        "precision_at_1000": 0.001,
        "precision_at_20": 0.04971,
        "precision_at_3": 0.32745,
        "precision_at_5": 0.19765,
        "recall_at_1": 0.88824,
        "recall_at_10": 0.99412,
        "recall_at_100": 0.99706,
        "recall_at_1000": 1.0,
        "recall_at_20": 0.99412,
        "recall_at_3": 0.98235,
        "recall_at_5": 0.98824
      }
    ]
  },
  "task_name": "LegalBenchCorporateLobbying"
}