{
  "dataset_revision": "b23590301ec94e8087e2850b21d43d4956b1cca9",
  "evaluation_time": 53.4967098236084,
  "kg_co2_emissions": null,
  "mteb_version": "1.14.4",
  "scores": {
    "test": [
      {
        "hf_subset": "default",
        "languages": [
          "eng-Latn"
        ],
        "main_score": 0.79313,
        "map_at_1": 0.63636,
        "map_at_10": 0.74343,
        "map_at_100": 0.74662,
        "map_at_1000": 0.74662,
        "map_at_20": 0.74621,
        "map_at_3": 0.72348,
        "map_at_5": 0.73523,
        "mrr_at_1": 0.6363636363636364,
        "mrr_at_10": 0.7434333413500078,
        "mrr_at_100": 0.7466240702443915,
        "mrr_at_1000": 0.7466240702443915,
        "mrr_at_20": 0.7462093787739954,
        "mrr_at_3": 0.723484848484849,
        "mrr_at_5": 0.7352272727272728,
        "nauc_map_at_1000_diff1": 0.576126368232885,
        "nauc_map_at_1000_max": 0.49339365375885075,
        "nauc_map_at_1000_std": 0.2778471508774458,
        "nauc_map_at_100_diff1": 0.576126368232885,
        "nauc_map_at_100_max": 0.49339365375885075,
        "nauc_map_at_100_std": 0.2778471508774458,
        "nauc_map_at_10_diff1": 0.5718156270455682,
        "nauc_map_at_10_max": 0.4932804905463056,
        "nauc_map_at_10_std": 0.2795464112135092,
        "nauc_map_at_1_diff1": 0.6331067086821706,
        "nauc_map_at_1_max": 0.49401705444263466,
        "nauc_map_at_1_std": 0.2915424209852778,
        "nauc_map_at_20_diff1": 0.5760816327073961,
        "nauc_map_at_20_max": 0.493119076883742,
        "nauc_map_at_20_std": 0.2783995508097503,
        "nauc_map_at_3_diff1": 0.563950601896414,
        "nauc_map_at_3_max": 0.49494993272279086,
        "nauc_map_at_3_std": 0.2693258992194511,
        "nauc_map_at_5_diff1": 0.5684404721804397,
        "nauc_map_at_5_max": 0.4927537036304903,
        "nauc_map_at_5_std": 0.27249890219640327,
        "nauc_mrr_at_1000_diff1": 0.576126368232885,
        "nauc_mrr_at_1000_max": 0.49339365375885075,
        "nauc_mrr_at_1000_std": 0.2778471508774458,
        "nauc_mrr_at_100_diff1": 0.576126368232885,
        "nauc_mrr_at_100_max": 0.49339365375885075,
        "nauc_mrr_at_100_std": 0.2778471508774458,
        "nauc_mrr_at_10_diff1": 0.5718156270455682,
        "nauc_mrr_at_10_max": 0.4932804905463056,
        "nauc_mrr_at_10_std": 0.2795464112135092,
        "nauc_mrr_at_1_diff1": 0.6331067086821706,
        "nauc_mrr_at_1_max": 0.49401705444263466,
        "nauc_mrr_at_1_std": 0.2915424209852778,
        "nauc_mrr_at_20_diff1": 0.5760816327073961,
        "nauc_mrr_at_20_max": 0.493119076883742,
        "nauc_mrr_at_20_std": 0.2783995508097503,
        "nauc_mrr_at_3_diff1": 0.563950601896414,
        "nauc_mrr_at_3_max": 0.49494993272279086,
        "nauc_mrr_at_3_std": 0.2693258992194511,
        "nauc_mrr_at_5_diff1": 0.5684404721804397,
        "nauc_mrr_at_5_max": 0.4927537036304903,
        "nauc_mrr_at_5_std": 0.27249890219640327,
        "nauc_ndcg_at_1000_diff1": 0.5691857725351633,
        "nauc_ndcg_at_1000_max": 0.4925806699495147,
        "nauc_ndcg_at_1000_std": 0.27805916555602006,
        "nauc_ndcg_at_100_diff1": 0.5691857725351633,
        "nauc_ndcg_at_100_max": 0.4925806699495147,
        "nauc_ndcg_at_100_std": 0.27805916555602006,
        "nauc_ndcg_at_10_diff1": 0.5490388984281294,
        "nauc_ndcg_at_10_max": 0.49120920482436864,
        "nauc_ndcg_at_10_std": 0.2872066740445538,
        "nauc_ndcg_at_1_diff1": 0.6331067086821706,
        "nauc_ndcg_at_1_max": 0.49401705444263466,
        "nauc_ndcg_at_1_std": 0.2915424209852778,
        "nauc_ndcg_at_20_diff1": 0.5685029752502581,
        "nauc_ndcg_at_20_max": 0.49097835898422454,
        "nauc_ndcg_at_20_std": 0.2835840337065358,
        "nauc_ndcg_at_3_diff1": 0.5359958196402701,
        "nauc_ndcg_at_3_max": 0.49430037161464624,
        "nauc_ndcg_at_3_std": 0.2604108829275128,
        "nauc_ndcg_at_5_diff1": 0.5436510869633376,
        "nauc_ndcg_at_5_max": 0.4888117213720053,
        "nauc_ndcg_at_5_std": 0.26511572140400236,
        "nauc_precision_at_1000_diff1": NaN,
        "nauc_precision_at_1000_max": NaN,
        "nauc_precision_at_1000_std": NaN,
        "nauc_precision_at_100_diff1": NaN,
        "nauc_precision_at_100_max": NaN,
        "nauc_precision_at_100_std": NaN,
        "nauc_precision_at_10_diff1": 0.2920376550378632,
        "nauc_precision_at_10_max": 0.46842925411978886,
        "nauc_precision_at_10_std": 0.41856319535496084,
        "nauc_precision_at_1_diff1": 0.6331067086821706,
        "nauc_precision_at_1_max": 0.49401705444263466,
        "nauc_precision_at_1_std": 0.2915424209852778,
        "nauc_precision_at_20_diff1": 0.5222692409456364,
        "nauc_precision_at_20_max": 0.4161768532626898,
        "nauc_precision_at_20_std": 0.6155924348341161,
        "nauc_precision_at_3_diff1": 0.4134842835311756,
        "nauc_precision_at_3_max": 0.49096888464266397,
        "nauc_precision_at_3_std": 0.22137185153907007,
        "nauc_precision_at_5_diff1": 0.40178392763333576,
        "nauc_precision_at_5_max": 0.46219622629501134,
        "nauc_precision_at_5_std": 0.22198383199278304,
        "nauc_recall_at_1000_diff1": NaN,
        "nauc_recall_at_1000_max": NaN,
        "nauc_recall_at_1000_std": NaN,
        "nauc_recall_at_100_diff1": NaN,
        "nauc_recall_at_100_max": NaN,
        "nauc_recall_at_100_std": NaN,
        "nauc_recall_at_10_diff1": 0.29203765503786766,
        "nauc_recall_at_10_max": 0.4684292541197914,
        "nauc_recall_at_10_std": 0.4185631953549605,
        "nauc_recall_at_1_diff1": 0.6331067086821706,
        "nauc_recall_at_1_max": 0.49401705444263466,
        "nauc_recall_at_1_std": 0.2915424209852778,
        "nauc_recall_at_20_diff1": 0.5222692409456371,
        "nauc_recall_at_20_max": 0.416176853262699,
        "nauc_recall_at_20_std": 0.6155924348341171,
        "nauc_recall_at_3_diff1": 0.4134842835311755,
        "nauc_recall_at_3_max": 0.4909688846426627,
        "nauc_recall_at_3_std": 0.2213718515390694,
        "nauc_recall_at_5_diff1": 0.40178392763333515,
        "nauc_recall_at_5_max": 0.46219622629501034,
        "nauc_recall_at_5_std": 0.2219838319927833,
        "ndcg_at_1": 0.63636,
        "ndcg_at_10": 0.79313,
        "ndcg_at_100": 0.80576,
        "ndcg_at_1000": 0.80576,
        "ndcg_at_20": 0.8029,
        "ndcg_at_3": 0.75291,
        "ndcg_at_5": 0.77389,
        "precision_at_1": 0.63636,
        "precision_at_10": 0.0947,
        "precision_at_100": 0.01,
        "precision_at_1000": 0.001,
        "precision_at_20": 0.04924,
        "precision_at_3": 0.27946,
        "precision_at_5": 0.17778,
        "recall_at_1": 0.63636,
        "recall_at_10": 0.94697,
        "recall_at_100": 1.0,
        "recall_at_1000": 1.0,
        "recall_at_20": 0.98485,
        "recall_at_3": 0.83838,
        "recall_at_5": 0.88889
      }
    ]
  },
  "task_name": "LegalBenchConsumerContractsQA"
}