{
  "dataset_revision": "3bb1a05c66872889662af04c5691c14489cebd72",
  "evaluation_time": 64.09268474578857,
  "kg_co2_emissions": null,
  "mteb_version": "1.14.4",
  "scores": {
    "test": [
      {
        "hf_subset": "default",
        "languages": [
          "eng-Latn"
        ],
        "main_score": 0.69004,
        "map_at_1": 0.51414,
        "map_at_10": 0.62766,
        "map_at_100": 0.64135,
        "map_at_1000": 0.64161,
        "map_at_20": 0.63713,
        "map_at_3": 0.58373,
        "map_at_5": 0.60962,
        "mrr_at_1": 0.5880281690140845,
        "mrr_at_10": 0.6772663760339817,
        "mrr_at_100": 0.6818289642461197,
        "mrr_at_1000": 0.6819366515229915,
        "mrr_at_20": 0.6806843901385611,
        "mrr_at_3": 0.6514084507042254,
        "mrr_at_5": 0.6670774647887323,
        "nauc_map_at_1000_diff1": 0.6650590177421968,
        "nauc_map_at_1000_max": 0.4784637929821533,
        "nauc_map_at_1000_std": 0.0477776455358837,
        "nauc_map_at_100_diff1": 0.66486076869632,
        "nauc_map_at_100_max": 0.4786314720658941,
        "nauc_map_at_100_std": 0.04816164112385144,
        "nauc_map_at_10_diff1": 0.6660524103561934,
        "nauc_map_at_10_max": 0.4714893698617632,
        "nauc_map_at_10_std": 0.03239164631894218,
        "nauc_map_at_1_diff1": 0.6797719357428867,
        "nauc_map_at_1_max": 0.4288482863326163,
        "nauc_map_at_1_std": 0.0003884742903127575,
        "nauc_map_at_20_diff1": 0.6640269856723601,
        "nauc_map_at_20_max": 0.47629574691418075,
        "nauc_map_at_20_std": 0.0453524186662516,
        "nauc_map_at_3_diff1": 0.6636902584410859,
        "nauc_map_at_3_max": 0.4342296666915386,
        "nauc_map_at_3_std": 0.007054098227394695,
        "nauc_map_at_5_diff1": 0.6695021627045891,
        "nauc_map_at_5_max": 0.4456503212076705,
        "nauc_map_at_5_std": 0.006589386981430167,
        "nauc_mrr_at_1000_diff1": 0.6629846483629497,
        "nauc_mrr_at_1000_max": 0.4975962608090065,
        "nauc_mrr_at_1000_std": 0.06743264447464901,
        "nauc_mrr_at_100_diff1": 0.6628393725701652,
        "nauc_mrr_at_100_max": 0.49760903887482855,
        "nauc_mrr_at_100_std": 0.0675817570822017,
        "nauc_mrr_at_10_diff1": 0.6612301463185214,
        "nauc_mrr_at_10_max": 0.4994109584688611,
        "nauc_mrr_at_10_std": 0.07083155590298718,
        "nauc_mrr_at_1_diff1": 0.6829715162929424,
        "nauc_mrr_at_1_max": 0.4918496000393879,
        "nauc_mrr_at_1_std": 0.04101661422587419,
        "nauc_mrr_at_20_diff1": 0.6612949594339349,
        "nauc_mrr_at_20_max": 0.49781613063078894,
        "nauc_mrr_at_20_std": 0.06933581078020906,
        "nauc_mrr_at_3_diff1": 0.6649166729150366,
        "nauc_mrr_at_3_max": 0.4931043406965209,
        "nauc_mrr_at_3_std": 0.058845546392378954,
        "nauc_mrr_at_5_diff1": 0.6627902730955854,
        "nauc_mrr_at_5_max": 0.4895137503118013,
        "nauc_mrr_at_5_std": 0.05535404928668851,
        "nauc_ndcg_at_1000_diff1": 0.6556610731304515,
        "nauc_ndcg_at_1000_max": 0.49500880973074846,
        "nauc_ndcg_at_1000_std": 0.0752921669473361,
        "nauc_ndcg_at_100_diff1": 0.651609314915389,
        "nauc_ndcg_at_100_max": 0.4972208631994156,
        "nauc_ndcg_at_100_std": 0.08089053382270155,
        "nauc_ndcg_at_10_diff1": 0.6507447159766406,
        "nauc_ndcg_at_10_max": 0.4883755383876828,
        "nauc_ndcg_at_10_std": 0.06202669392329517,
        "nauc_ndcg_at_1_diff1": 0.6829715162929424,
        "nauc_ndcg_at_1_max": 0.4918496000393879,
        "nauc_ndcg_at_1_std": 0.04101661422587419,
        "nauc_ndcg_at_20_diff1": 0.6452700846089012,
        "nauc_ndcg_at_20_max": 0.49398169771044426,
        "nauc_ndcg_at_20_std": 0.08171637314682799,
        "nauc_ndcg_at_3_diff1": 0.6568593184849567,
        "nauc_ndcg_at_3_max": 0.4556135459890105,
        "nauc_ndcg_at_3_std": 0.030718223547907122,
        "nauc_ndcg_at_5_diff1": 0.6584026080943614,
        "nauc_ndcg_at_5_max": 0.45510102256630813,
        "nauc_ndcg_at_5_std": 0.018344815562146167,
        "nauc_precision_at_1000_diff1": -0.2742157931355858,
        "nauc_precision_at_1000_max": 0.04898891704310289,
        "nauc_precision_at_1000_std": 0.2601044868418505,
        "nauc_precision_at_100_diff1": -0.25820060096524394,
        "nauc_precision_at_100_max": 0.08298738994282827,
        "nauc_precision_at_100_std": 0.2881329073994517,
        "nauc_precision_at_10_diff1": -0.030118198774313647,
        "nauc_precision_at_10_max": 0.2801223892047523,
        "nauc_precision_at_10_std": 0.25672540179344044,
        "nauc_precision_at_1_diff1": 0.6829715162929424,
        "nauc_precision_at_1_max": 0.4918496000393879,
        "nauc_precision_at_1_std": 0.04101661422587419,
        "nauc_precision_at_20_diff1": -0.1738020002917166,
        "nauc_precision_at_20_max": 0.1666496384385263,
        "nauc_precision_at_20_std": 0.29891175835459816,
        "nauc_precision_at_3_diff1": 0.3533088447783947,
        "nauc_precision_at_3_max": 0.3821221561926829,
        "nauc_precision_at_3_std": 0.11459377258255495,
        "nauc_precision_at_5_diff1": 0.160413897690498,
        "nauc_precision_at_5_max": 0.29220766001044207,
        "nauc_precision_at_5_std": 0.11703561507741952,
        "nauc_recall_at_1000_diff1": NaN,
        "nauc_recall_at_1000_max": NaN,
        "nauc_recall_at_1000_std": NaN,
        "nauc_recall_at_100_diff1": 0.39349845006461426,
        "nauc_recall_at_100_max": 0.6013439793261646,
        "nauc_recall_at_100_std": 0.369873834476966,
        "nauc_recall_at_10_diff1": 0.5446290441307261,
        "nauc_recall_at_10_max": 0.4692725034044542,
        "nauc_recall_at_10_std": 0.10955697350501413,
        "nauc_recall_at_1_diff1": 0.6797719357428867,
        "nauc_recall_at_1_max": 0.4288482863326163,
        "nauc_recall_at_1_std": 0.0003884742903127575,
        "nauc_recall_at_20_diff1": 0.46692288536951326,
        "nauc_recall_at_20_max": 0.48501667265917914,
        "nauc_recall_at_20_std": 0.21442168947287546,
        "nauc_recall_at_3_diff1": 0.6162484913853948,
        "nauc_recall_at_3_max": 0.3835470161582055,
        "nauc_recall_at_3_std": -0.010867472631605497,
        "nauc_recall_at_5_diff1": 0.6038040674674815,
        "nauc_recall_at_5_max": 0.37256597158587046,
        "nauc_recall_at_5_std": -0.04089175998981465,
        "ndcg_at_1": 0.58803,
        "ndcg_at_10": 0.69004,
        "ndcg_at_100": 0.73074,
        "ndcg_at_1000": 0.73439,
        "ndcg_at_20": 0.71249,
        "ndcg_at_3": 0.62547,
        "ndcg_at_5": 0.66039,
        "precision_at_1": 0.58803,
        "precision_at_10": 0.11479,
        "precision_at_100": 0.01504,
        "precision_at_1000": 0.00155,
        "precision_at_20": 0.06602,
        "precision_at_3": 0.26995,
        "precision_at_5": 0.19296,
        "recall_at_1": 0.51414,
        "recall_at_10": 0.82336,
        "recall_at_100": 0.97627,
        "recall_at_1000": 1.0,
        "recall_at_20": 0.89551,
        "recall_at_3": 0.64992,
        "recall_at_5": 0.73905
      }
    ]
  },
  "task_name": "LegalSummarization"
}