{
  "dataset_revision": "b23590301ec94e8087e2850b21d43d4956b1cca9",
  "evaluation_time": 52.32080054283142,
  "kg_co2_emissions": null,
  "mteb_version": "1.14.4",
  "scores": {
    "test": [
      {
        "hf_subset": "default",
        "languages": [
          "eng-Latn"
        ],
        "main_score": 0.7887,
        "map_at_1": 0.60859,
        "map_at_10": 0.73509,
        "map_at_100": 0.73757,
        "map_at_1000": 0.73757,
        "map_at_20": 0.73675,
        "map_at_3": 0.71549,
        "map_at_5": 0.72748,
        "mrr_at_1": 0.6085858585858586,
        "mrr_at_10": 0.7350939955106619,
        "mrr_at_100": 0.7375697664504345,
        "mrr_at_1000": 0.7375697664504345,
        "mrr_at_20": 0.7367502539252936,
        "mrr_at_3": 0.7154882154882157,
        "mrr_at_5": 0.7274831649831649,
        "nauc_map_at_1000_diff1": 0.6715350153935759,
        "nauc_map_at_1000_max": 0.5202507212709386,
        "nauc_map_at_1000_std": 0.15907396732719856,
        "nauc_map_at_100_diff1": 0.6715350153935759,
        "nauc_map_at_100_max": 0.5202507212709386,
        "nauc_map_at_100_std": 0.15907396732719856,
        "nauc_map_at_10_diff1": 0.6675200400028845,
        "nauc_map_at_10_max": 0.5189827294222497,
        "nauc_map_at_10_std": 0.1626121857144353,
        "nauc_map_at_1_diff1": 0.7203592287446258,
        "nauc_map_at_1_max": 0.5249527662975371,
        "nauc_map_at_1_std": 0.14675473220878874,
        "nauc_map_at_20_diff1": 0.671701572428452,
        "nauc_map_at_20_max": 0.521289001791545,
        "nauc_map_at_20_std": 0.161467841855245,
        "nauc_map_at_3_diff1": 0.6673158565809316,
        "nauc_map_at_3_max": 0.5193571247547323,
        "nauc_map_at_3_std": 0.14302814985298998,
        "nauc_map_at_5_diff1": 0.6604996835077719,
        "nauc_map_at_5_max": 0.5128782174982877,
        "nauc_map_at_5_std": 0.1601646961797616,
        "nauc_mrr_at_1000_diff1": 0.6715350153935759,
        "nauc_mrr_at_1000_max": 0.5202507212709386,
        "nauc_mrr_at_1000_std": 0.15907396732719856,
        "nauc_mrr_at_100_diff1": 0.6715350153935759,
        "nauc_mrr_at_100_max": 0.5202507212709386,
        "nauc_mrr_at_100_std": 0.15907396732719856,
        "nauc_mrr_at_10_diff1": 0.6675200400028845,
        "nauc_mrr_at_10_max": 0.5189827294222497,
        "nauc_mrr_at_10_std": 0.1626121857144353,
        "nauc_mrr_at_1_diff1": 0.7203592287446258,
        "nauc_mrr_at_1_max": 0.5249527662975371,
        "nauc_mrr_at_1_std": 0.14675473220878874,
        "nauc_mrr_at_20_diff1": 0.671701572428452,
        "nauc_mrr_at_20_max": 0.521289001791545,
        "nauc_mrr_at_20_std": 0.161467841855245,
        "nauc_mrr_at_3_diff1": 0.6673158565809316,
        "nauc_mrr_at_3_max": 0.5193571247547323,
        "nauc_mrr_at_3_std": 0.14302814985298998,
        "nauc_mrr_at_5_diff1": 0.6604996835077719,
        "nauc_mrr_at_5_max": 0.5128782174982877,
        "nauc_mrr_at_5_std": 0.1601646961797616,
        "nauc_ndcg_at_1000_diff1": 0.665279712585501,
        "nauc_ndcg_at_1000_max": 0.5210653328464867,
        "nauc_ndcg_at_1000_std": 0.16595555231441383,
        "nauc_ndcg_at_100_diff1": 0.665279712585501,
        "nauc_ndcg_at_100_max": 0.5210653328464867,
        "nauc_ndcg_at_100_std": 0.16595555231441383,
        "nauc_ndcg_at_10_diff1": 0.6466667231989939,
        "nauc_ndcg_at_10_max": 0.5196183885304887,
        "nauc_ndcg_at_10_std": 0.18851105696894804,
        "nauc_ndcg_at_1_diff1": 0.7203592287446258,
        "nauc_ndcg_at_1_max": 0.5249527662975371,
        "nauc_ndcg_at_1_std": 0.14675473220878874,
        "nauc_ndcg_at_20_diff1": 0.6662508429526319,
        "nauc_ndcg_at_20_max": 0.5283160895726225,
        "nauc_ndcg_at_20_std": 0.18349067394921048,
        "nauc_ndcg_at_3_diff1": 0.646972748526555,
        "nauc_ndcg_at_3_max": 0.5182611841857332,
        "nauc_ndcg_at_3_std": 0.14582114352798642,
        "nauc_ndcg_at_5_diff1": 0.6312228270099981,
        "nauc_ndcg_at_5_max": 0.5050914324107986,
        "nauc_ndcg_at_5_std": 0.18052798195388223,
        "nauc_precision_at_1000_diff1": NaN,
        "nauc_precision_at_1000_max": NaN,
        "nauc_precision_at_1000_std": NaN,
        "nauc_precision_at_100_diff1": NaN,
        "nauc_precision_at_100_max": NaN,
        "nauc_precision_at_100_std": NaN,
        "nauc_precision_at_10_diff1": 0.3845105889458611,
        "nauc_precision_at_10_max": 0.5370511653022192,
        "nauc_precision_at_10_std": 0.5639328372414245,
        "nauc_precision_at_1_diff1": 0.7203592287446258,
        "nauc_precision_at_1_max": 0.5249527662975371,
        "nauc_precision_at_1_std": 0.14675473220878874,
        "nauc_precision_at_20_diff1": 0.6902596748527396,
        "nauc_precision_at_20_max": 0.758391131265862,
        "nauc_precision_at_20_std": 0.7564658451111277,
        "nauc_precision_at_3_diff1": 0.5509842254649766,
        "nauc_precision_at_3_max": 0.5136822397717502,
        "nauc_precision_at_3_std": 0.16138105545502665,
        "nauc_precision_at_5_diff1": 0.43468393425206936,
        "nauc_precision_at_5_max": 0.4508532616550211,
        "nauc_precision_at_5_std": 0.32797078071993035,
        "nauc_recall_at_1000_diff1": NaN,
        "nauc_recall_at_1000_max": NaN,
        "nauc_recall_at_1000_std": NaN,
        "nauc_recall_at_100_diff1": NaN,
        "nauc_recall_at_100_max": NaN,
        "nauc_recall_at_100_std": NaN,
        "nauc_recall_at_10_diff1": 0.3845105889458655,
        "nauc_recall_at_10_max": 0.5370511653022204,
        "nauc_recall_at_10_std": 0.5639328372414236,
        "nauc_recall_at_1_diff1": 0.7203592287446258,
        "nauc_recall_at_1_max": 0.5249527662975371,
        "nauc_recall_at_1_std": 0.14675473220878874,
        "nauc_recall_at_20_diff1": 0.6902596748527385,
        "nauc_recall_at_20_max": 0.7583911312658578,
        "nauc_recall_at_20_std": 0.756465845111126,
        "nauc_recall_at_3_diff1": 0.5509842254649785,
        "nauc_recall_at_3_max": 0.5136822397717502,
        "nauc_recall_at_3_std": 0.16138105545502757,
        "nauc_recall_at_5_diff1": 0.4346839342520695,
        "nauc_recall_at_5_max": 0.4508532616550206,
        "nauc_recall_at_5_std": 0.32797078071993113,
        "ndcg_at_1": 0.60859,
        "ndcg_at_10": 0.7887,
        "ndcg_at_100": 0.79955,
        "ndcg_at_1000": 0.79955,
        "ndcg_at_20": 0.79454,
        "ndcg_at_3": 0.7503,
        "ndcg_at_5": 0.7715,
        "precision_at_1": 0.60859,
        "precision_at_10": 0.0952,
        "precision_at_100": 0.01,
        "precision_at_1000": 0.001,
        "precision_at_20": 0.04874,
        "precision_at_3": 0.28367,
        "precision_at_5": 0.1803,
        "recall_at_1": 0.60859,
        "recall_at_10": 0.95202,
        "recall_at_100": 1.0,
        "recall_at_1000": 1.0,
        "recall_at_20": 0.97475,
        "recall_at_3": 0.85101,
        "recall_at_5": 0.90152
      }
    ]
  },
  "task_name": "LegalBenchConsumerContractsQA"
}