{
  "dataset_revision": "b23590301ec94e8087e2850b21d43d4956b1cca9",
  "evaluation_time": 46.63349938392639,
  "kg_co2_emissions": null,
  "mteb_version": "1.14.4",
  "scores": {
    "test": [
      {
        "hf_subset": "default",
        "languages": [
          "eng-Latn"
        ],
        "main_score": 0.78777,
        "map_at_1": 0.60606,
        "map_at_10": 0.73383,
        "map_at_100": 0.73631,
        "map_at_1000": 0.73631,
        "map_at_20": 0.73549,
        "map_at_3": 0.71423,
        "map_at_5": 0.72622,
        "mrr_at_1": 0.6060606060606061,
        "mrr_at_10": 0.7338313692480356,
        "mrr_at_100": 0.7363071401878083,
        "mrr_at_1000": 0.7363071401878083,
        "mrr_at_20": 0.7354876276626674,
        "mrr_at_3": 0.7142255892255894,
        "mrr_at_5": 0.7262205387205387,
        "nauc_map_at_1000_diff1": 0.6759300545507482,
        "nauc_map_at_1000_max": 0.5243732171736879,
        "nauc_map_at_1000_std": 0.16435529612983688,
        "nauc_map_at_100_diff1": 0.6759300545507482,
        "nauc_map_at_100_max": 0.5243732171736879,
        "nauc_map_at_100_std": 0.16435529612983688,
        "nauc_map_at_10_diff1": 0.6718784649052342,
        "nauc_map_at_10_max": 0.523062956733634,
        "nauc_map_at_10_std": 0.16782298593158393,
        "nauc_map_at_1_diff1": 0.7262953120573167,
        "nauc_map_at_1_max": 0.5307054086000448,
        "nauc_map_at_1_std": 0.15420686863849695,
        "nauc_map_at_20_diff1": 0.6760796195131189,
        "nauc_map_at_20_max": 0.5253927398684729,
        "nauc_map_at_20_std": 0.16672173981118257,
        "nauc_map_at_3_diff1": 0.671344191456752,
        "nauc_map_at_3_max": 0.5231266735914661,
        "nauc_map_at_3_std": 0.1479010044576579,
        "nauc_map_at_5_diff1": 0.6647342079961898,
        "nauc_map_at_5_max": 0.5168410185763335,
        "nauc_map_at_5_std": 0.16520913128720502,
        "nauc_mrr_at_1000_diff1": 0.6759300545507482,
        "nauc_mrr_at_1000_max": 0.5243732171736879,
        "nauc_mrr_at_1000_std": 0.16435529612983688,
        "nauc_mrr_at_100_diff1": 0.6759300545507482,
        "nauc_mrr_at_100_max": 0.5243732171736879,
        "nauc_mrr_at_100_std": 0.16435529612983688,
        "nauc_mrr_at_10_diff1": 0.6718784649052342,
        "nauc_mrr_at_10_max": 0.523062956733634,
        "nauc_mrr_at_10_std": 0.16782298593158393,
        "nauc_mrr_at_1_diff1": 0.7262953120573167,
        "nauc_mrr_at_1_max": 0.5307054086000448,
        "nauc_mrr_at_1_std": 0.15420686863849695,
        "nauc_mrr_at_20_diff1": 0.6760796195131189,
        "nauc_mrr_at_20_max": 0.5253927398684729,
        "nauc_mrr_at_20_std": 0.16672173981118257,
        "nauc_mrr_at_3_diff1": 0.671344191456752,
        "nauc_mrr_at_3_max": 0.5231266735914661,
        "nauc_mrr_at_3_std": 0.1479010044576579,
        "nauc_mrr_at_5_diff1": 0.6647342079961898,
        "nauc_mrr_at_5_max": 0.5168410185763335,
        "nauc_mrr_at_5_std": 0.16520913128720502,
        "nauc_ndcg_at_1000_diff1": 0.6695232630514664,
        "nauc_ndcg_at_1000_max": 0.5250251279863075,
        "nauc_ndcg_at_1000_std": 0.171010441901734,
        "nauc_ndcg_at_100_diff1": 0.6695232630514664,
        "nauc_ndcg_at_100_max": 0.5250251279863075,
        "nauc_ndcg_at_100_std": 0.171010441901734,
        "nauc_ndcg_at_10_diff1": 0.6507059849368353,
        "nauc_ndcg_at_10_max": 0.5233414437320981,
        "nauc_ndcg_at_10_std": 0.1931930608957616,
        "nauc_ndcg_at_1_diff1": 0.7262953120573167,
        "nauc_ndcg_at_1_max": 0.5307054086000448,
        "nauc_ndcg_at_1_std": 0.15420686863849695,
        "nauc_ndcg_at_20_diff1": 0.6703681863597383,
        "nauc_ndcg_at_20_max": 0.532139119796502,
        "nauc_ndcg_at_20_std": 0.1883461862768575,
        "nauc_ndcg_at_3_diff1": 0.6503364590812644,
        "nauc_ndcg_at_3_max": 0.521365527030177,
        "nauc_ndcg_at_3_std": 0.1498239383753047,
        "nauc_ndcg_at_5_diff1": 0.6349473732557173,
        "nauc_ndcg_at_5_max": 0.5085251804810845,
        "nauc_ndcg_at_5_std": 0.18481899461558385,
        "nauc_precision_at_1000_diff1": NaN,
        "nauc_precision_at_1000_max": NaN,
        "nauc_precision_at_1000_std": NaN,
        "nauc_precision_at_100_diff1": NaN,
        "nauc_precision_at_100_max": NaN,
        "nauc_precision_at_100_std": NaN,
        "nauc_precision_at_10_diff1": 0.3845105889458611,
        "nauc_precision_at_10_max": 0.5370511653022192,
        "nauc_precision_at_10_std": 0.5639328372414245,
        "nauc_precision_at_1_diff1": 0.7262953120573167,
        "nauc_precision_at_1_max": 0.5307054086000448,
        "nauc_precision_at_1_std": 0.15420686863849695,
        "nauc_precision_at_20_diff1": 0.6902596748527396,
        "nauc_precision_at_20_max": 0.758391131265862,
        "nauc_precision_at_20_std": 0.7564658451111277,
        "nauc_precision_at_3_diff1": 0.5509842254649766,
        "nauc_precision_at_3_max": 0.5136822397717502,
        "nauc_precision_at_3_std": 0.16138105545502665,
        "nauc_precision_at_5_diff1": 0.43468393425206936,
        "nauc_precision_at_5_max": 0.4508532616550211,
        "nauc_precision_at_5_std": 0.32797078071993035,
        "nauc_recall_at_1000_diff1": NaN,
        "nauc_recall_at_1000_max": NaN,
        "nauc_recall_at_1000_std": NaN,
        "nauc_recall_at_100_diff1": NaN,
        "nauc_recall_at_100_max": NaN,
        "nauc_recall_at_100_std": NaN,
        "nauc_recall_at_10_diff1": 0.3845105889458655,
        "nauc_recall_at_10_max": 0.5370511653022204,
        "nauc_recall_at_10_std": 0.5639328372414236,
        "nauc_recall_at_1_diff1": 0.7262953120573167,
        "nauc_recall_at_1_max": 0.5307054086000448,
        "nauc_recall_at_1_std": 0.15420686863849695,
        "nauc_recall_at_20_diff1": 0.6902596748527385,
        "nauc_recall_at_20_max": 0.7583911312658578,
        "nauc_recall_at_20_std": 0.756465845111126,
        "nauc_recall_at_3_diff1": 0.5509842254649785,
        "nauc_recall_at_3_max": 0.5136822397717502,
        "nauc_recall_at_3_std": 0.16138105545502757,
        "nauc_recall_at_5_diff1": 0.4346839342520695,
        "nauc_recall_at_5_max": 0.4508532616550206,
        "nauc_recall_at_5_std": 0.32797078071993113,
        "ndcg_at_1": 0.60606,
        "ndcg_at_10": 0.78777,
        "ndcg_at_100": 0.79861,
        "ndcg_at_1000": 0.79861,
        "ndcg_at_20": 0.7936,
        "ndcg_at_3": 0.74937,
        "ndcg_at_5": 0.77056,
        "precision_at_1": 0.60606,
        "precision_at_10": 0.0952,
        "precision_at_100": 0.01,
        "precision_at_1000": 0.001,
        "precision_at_20": 0.04874,
        "precision_at_3": 0.28367,
        "precision_at_5": 0.1803,
        "recall_at_1": 0.60606,
        "recall_at_10": 0.95202,
        "recall_at_100": 1.0,
        "recall_at_1000": 1.0,
        "recall_at_20": 0.97475,
        "recall_at_3": 0.85101,
        "recall_at_5": 0.90152
      }
    ]
  },
  "task_name": "LegalBenchConsumerContractsQA"
}