{
  "dataset_revision": "f69691c650464e62546d7f2a4536f8f87c891e38",
  "evaluation_time": 70.27973532676697,
  "kg_co2_emissions": null,
  "mteb_version": "1.14.4",
  "scores": {
    "test": [
      {
        "hf_subset": "default",
        "languages": [
          "eng-Latn"
        ],
        "main_score": 0.93206,
        "map_at_1": 0.85882,
        "map_at_10": 0.91325,
        "map_at_100": 0.91372,
        "map_at_1000": 0.91376,
        "map_at_20": 0.91372,
        "map_at_3": 0.90931,
        "map_at_5": 0.91123,
        "mrr_at_1": 0.8588235294117647,
        "mrr_at_10": 0.913246965452848,
        "mrr_at_100": 0.9137183078359551,
        "mrr_at_1000": 0.9137561207229005,
        "mrr_at_20": 0.9137183078359551,
        "mrr_at_3": 0.9093137254901962,
        "mrr_at_5": 0.9112254901960785,
        "nauc_map_at_1000_diff1": 0.8809006730917156,
        "nauc_map_at_1000_max": 0.4993521361078339,
        "nauc_map_at_1000_std": -0.06618737332930803,
        "nauc_map_at_100_diff1": 0.8808092958842774,
        "nauc_map_at_100_max": 0.49929281799603387,
        "nauc_map_at_100_std": -0.06659773251684646,
        "nauc_map_at_10_diff1": 0.8814776096242278,
        "nauc_map_at_10_max": 0.5021003313160362,
        "nauc_map_at_10_std": -0.06135017020831502,
        "nauc_map_at_1_diff1": 0.8798738068273747,
        "nauc_map_at_1_max": 0.4213618346545868,
        "nauc_map_at_1_std": -0.12114746804724091,
        "nauc_map_at_20_diff1": 0.8808092958842774,
        "nauc_map_at_20_max": 0.49929281799603387,
        "nauc_map_at_20_std": -0.06659773251684646,
        "nauc_map_at_3_diff1": 0.8816545733530983,
        "nauc_map_at_3_max": 0.5210605705963436,
        "nauc_map_at_3_std": -0.04063873501339115,
        "nauc_map_at_5_diff1": 0.88204102444676,
        "nauc_map_at_5_max": 0.5122106188865155,
        "nauc_map_at_5_std": -0.04737845607755468,
        "nauc_mrr_at_1000_diff1": 0.8809006730917156,
        "nauc_mrr_at_1000_max": 0.4993521361078339,
        "nauc_mrr_at_1000_std": -0.06618737332930803,
        "nauc_mrr_at_100_diff1": 0.8808092958842774,
        "nauc_mrr_at_100_max": 0.49929281799603387,
        "nauc_mrr_at_100_std": -0.06659773251684646,
        "nauc_mrr_at_10_diff1": 0.8814776096242278,
        "nauc_mrr_at_10_max": 0.5021003313160362,
        "nauc_mrr_at_10_std": -0.06135017020831502,
        "nauc_mrr_at_1_diff1": 0.8798738068273747,
        "nauc_mrr_at_1_max": 0.4213618346545868,
        "nauc_mrr_at_1_std": -0.12114746804724091,
        "nauc_mrr_at_20_diff1": 0.8808092958842774,
        "nauc_mrr_at_20_max": 0.49929281799603387,
        "nauc_mrr_at_20_std": -0.06659773251684646,
        "nauc_mrr_at_3_diff1": 0.8816545733530983,
        "nauc_mrr_at_3_max": 0.5210605705963436,
        "nauc_mrr_at_3_std": -0.04063873501339115,
        "nauc_mrr_at_5_diff1": 0.88204102444676,
        "nauc_mrr_at_5_max": 0.5122106188865155,
        "nauc_mrr_at_5_std": -0.04737845607755468,
        "nauc_ndcg_at_1000_diff1": 0.8807441888637576,
        "nauc_ndcg_at_1000_max": 0.5083414525943583,
        "nauc_ndcg_at_1000_std": -0.05869426502693246,
        "nauc_ndcg_at_100_diff1": 0.8792105976403001,
        "nauc_ndcg_at_100_max": 0.5085036979343298,
        "nauc_ndcg_at_100_std": -0.06408843653131874,
        "nauc_ndcg_at_10_diff1": 0.8820808613432087,
        "nauc_ndcg_at_10_max": 0.5201829013112279,
        "nauc_ndcg_at_10_std": -0.0419092014820279,
        "nauc_ndcg_at_1_diff1": 0.8798738068273747,
        "nauc_ndcg_at_1_max": 0.4213618346545868,
        "nauc_ndcg_at_1_std": -0.12114746804724091,
        "nauc_ndcg_at_20_diff1": 0.8792105976403001,
        "nauc_ndcg_at_20_max": 0.5085036979343298,
        "nauc_ndcg_at_20_std": -0.06408843653131874,
        "nauc_ndcg_at_3_diff1": 0.8832144400735725,
        "nauc_ndcg_at_3_max": 0.5662018684092341,
        "nauc_ndcg_at_3_std": 0.011027733268220829,
        "nauc_ndcg_at_5_diff1": 0.884174578808123,
        "nauc_ndcg_at_5_max": 0.54869161448624,
        "nauc_ndcg_at_5_std": -0.0005667758448130081,
        "nauc_precision_at_1000_diff1": 1.0,
        "nauc_precision_at_1000_max": 1.0,
        "nauc_precision_at_1000_std": 1.0,
        "nauc_precision_at_100_diff1": 0.7770774976657122,
        "nauc_precision_at_100_max": 0.561391223155907,
        "nauc_precision_at_100_std": -0.3699813258637037,
        "nauc_precision_at_10_diff1": 0.8885387488328642,
        "nauc_precision_at_10_max": 0.7806956115779661,
        "nauc_precision_at_10_std": 0.24964985994399536,
        "nauc_precision_at_1_diff1": 0.8798738068273747,
        "nauc_precision_at_1_max": 0.4213618346545868,
        "nauc_precision_at_1_std": -0.12114746804724091,
        "nauc_precision_at_20_diff1": 0.7770774976657284,
        "nauc_precision_at_20_max": 0.5613912231559322,
        "nauc_precision_at_20_std": -0.3699813258636605,
        "nauc_precision_at_3_diff1": 0.8947634609399289,
        "nauc_precision_at_3_max": 0.8819638966697795,
        "nauc_precision_at_3_std": 0.38530967942733446,
        "nauc_precision_at_5_diff1": 0.9050731403672628,
        "nauc_precision_at_5_max": 0.8716671853926768,
        "nauc_precision_at_5_std": 0.43889407614897663,
        "nauc_recall_at_1000_diff1": NaN,
        "nauc_recall_at_1000_max": NaN,
        "nauc_recall_at_1000_std": NaN,
        "nauc_recall_at_100_diff1": 0.7770774976657118,
        "nauc_recall_at_100_max": 0.5613912231559266,
        "nauc_recall_at_100_std": -0.36998132586367716,
        "nauc_recall_at_10_diff1": 0.8885387488328658,
        "nauc_recall_at_10_max": 0.7806956115779609,
        "nauc_recall_at_10_std": 0.24964985994397038,
        "nauc_recall_at_1_diff1": 0.8798738068273747,
        "nauc_recall_at_1_max": 0.4213618346545868,
        "nauc_recall_at_1_std": -0.12114746804724091,
        "nauc_recall_at_20_diff1": 0.7770774976657118,
        "nauc_recall_at_20_max": 0.5613912231559266,
        "nauc_recall_at_20_std": -0.36998132586367716,
        "nauc_recall_at_3_diff1": 0.8947634609399283,
        "nauc_recall_at_3_max": 0.8819638966697751,
        "nauc_recall_at_3_std": 0.3853096794273255,
        "nauc_recall_at_5_diff1": 0.9050731403672582,
        "nauc_recall_at_5_max": 0.8716671853926748,
        "nauc_recall_at_5_std": 0.4388940761489812,
        "ndcg_at_1": 0.85882,
        "ndcg_at_10": 0.93206,
        "ndcg_at_100": 0.93362,
        "ndcg_at_1000": 0.93442,
        "ndcg_at_20": 0.93362,
        "ndcg_at_3": 0.9237,
        "ndcg_at_5": 0.92724,
        "precision_at_1": 0.85882,
        "precision_at_10": 0.09882,
        "precision_at_100": 0.00994,
        "precision_at_1000": 0.001,
        "precision_at_20": 0.04971,
        "precision_at_3": 0.32157,
        "precision_at_5": 0.19471,
        "recall_at_1": 0.85882,
        "recall_at_10": 0.98824,
        "recall_at_100": 0.99412,
        "recall_at_1000": 1.0,
        "recall_at_20": 0.99412,
        "recall_at_3": 0.96471,
        "recall_at_5": 0.97353
      }
    ]
  },
  "task_name": "LegalBenchCorporateLobbying"
}